target,prediction
49,68
33,33
72,72
51,51
71,71
92,7
15,15
14,14
23,71
0,0
71,12
75,75
81,81
69,69
40,40
43,43
92,92
97,97
70,70
53,53
70,70
49,49
75,75
29,17
21,21
16,16
39,39
8,8
8,8
70,98
20,20
61,61
41,41
93,73
56,56
73,72
58,58
11,35
25,25
37,81
63,63
24,24
49,49
73,30
56,56
22,22
41,41
58,58
75,75
17,17
4,4
6,6
9,9
57,57
2,2
32,32
71,71
52,52
42,42
69,69
77,77
27,27
15,15
65,65
7,62
35,98
43,43
82,54
63,63
92,92
66,66
90,90
67,86
91,91
32,49
32,32
82,82
10,10
77,77
22,61
71,71
78,78
54,54
6,6
29,29
89,89
78,78
33,33
11,35
67,67
22,22
18,18
27,85
21,21
13,13
21,21
50,50
75,75
37,37
35,98
26,26
83,83
47,52
95,86
43,43
69,69
76,76
17,17
57,57
59,59
25,25
20,20
27,27
0,0
9,9
71,71
8,8
43,43
57,57
56,56
85,85
10,44
19,19
92,92
33,33
20,20
21,21
50,42
70,70
46,46
11,16
16,16
1,1
74,74
33,34
91,91
60,60
64,64
52,52
23,23
4,4
11,11
52,52
37,17
24,24
95,95
25,25
39,39
51,51
58,58
58,58
77,77
18,18
59,60
45,45
66,66
58,58
20,20
24,7
4,50
36,36
8,8
87,87
10,10
30,30
47,47
54,54
99,99
51,51
83,83
9,9
37,89
4,65
83,83
95,95
83,83
32,24
73,73
18,18
40,40
39,39
64,18
22,22
80,80
28,16
28,28
40,84
95,95
98,98
83,83
12,12
24,24
45,31
13,13
94,94
24,24
58,58
63,63
7,7
87,87
6,6
78,78
68,68
60,60
6,6
23,23
44,44
31,31
80,80
93,78
73,30
98,11
49,49
90,90
97,97
59,59
2,2
67,67
16,16
81,81
94,94
27,30
76,23
77,77
12,12
18,6
0,0
76,76
79,79
71,71
89,89
57,57
47,59
24,24
65,65
0,83
32,32
36,36
82,82
31,31
23,23
24,24
34,34
21,21
11,35
53,53
80,80
44,44
4,4
39,39
91,91
16,16
36,36
68,68
50,74
97,97
58,89
31,75
6,6
42,42
80,80
76,76
89,89
55,55
19,19
91,91
70,70
1,1
6,6
62,70
99,99
51,51
96,96
83,0
42,42
18,18
67,67
66,65
40,40
62,62
78,78
84,84
28,28
89,89
30,30
66,66
18,6
38,38
42,42
92,92
27,91
11,35
86,86
44,44
96,96
12,12
16,16
67,67
43,43
89,89
96,96
12,12
40,40
7,7
86,39
77,29
76,76
31,31
18,59
28,28
19,3
18,18
41,41
42,51
43,43
31,31
93,93
15,15
10,61
8,8
37,17
89,17
32,32
67,67
12,12
2,2
19,19
91,91
94,94
7,79
71,71
36,36
61,61
62,62
5,5
60,60
45,67
91,91
34,34
95,95
9,9
40,40
68,68
62,62
99,99
66,66
46,46
7,24
10,10
10,10
68,68
34,38
37,33
58,58
48,48
40,40
96,96
14,88
11,11
66,66
64,64
39,39
33,49
94,94
63,63
10,10
89,89
92,54
90,90
65,38
90,90
33,33
28,28
29,29
87,84
86,86
7,7
0,0
94,94
11,11
26,26
6,6
41,41
21,50
69,69
27,27
29,29
67,67
85,85
65,65
40,40
57,57
72,72
30,30
74,55
27,27
3,3
49,49
52,52
95,99
40,40
93,93
77,44
91,38
6,6
57,57
72,72
16,16
98,98
89,89
40,40
96,96
71,71
3,72
2,11
66,66
27,5
8,8
53,53
33,96
55,80
81,58
88,88
96,96
68,68
42,42
77,77
10,28
27,27
32,46
79,79
98,98
18,69
51,51
2,77
19,19
31,31
67,67
36,36
10,10
16,16
5,5
81,81
85,85
26,45
85,85
65,65
22,22
55,55
85,47
22,22
22,22
10,10
18,18
98,36
9,9
26,26
27,27
7,7
5,5
58,58
87,87
76,76
2,2
54,14
38,38
33,59
17,17
6,6
0,0
79,79
97,97
14,77
14,75
73,73
79,79
8,89
42,42
4,6
25,25
37,37
75,75
74,55
41,80
0,0
99,99
79,79
87,87
67,67
72,74
38,38
25,94
49,49
3,3
74,74
69,69
36,36
77,72
89,89
71,71
31,31
50,50
90,90
11,35
2,2
41,41
38,38
58,58
47,47
93,93
68,68
11,11
35,36
67,72
54,54
53,53
30,73
36,36
83,45
54,54
64,64
46,98
45,45
98,98
62,62
46,46
95,95
88,42
37,17
18,77
29,89
63,63
8,8
33,33
35,35
6,18
76,76
19,19
99,99
53,53
15,15
57,54
2,2
27,27
27,27
93,93
81,81
54,54
71,71
26,26
25,96
35,2
30,95
72,72
8,8
42,42
62,62
56,56
78,72
47,47
73,73
43,43
20,20
83,70
63,4
49,49
28,10
26,26
45,45
36,32
36,36
68,68
1,1
2,2
99,26
9,9
65,51
38,38
58,58
96,96
38,77
87,87
82,82
22,22
83,0
41,41
7,54
12,37
10,10
35,35
44,44
81,81
91,91
56,56
9,9
24,7
3,6
30,73
1,54
39,39
98,35
72,55
83,83
80,80
43,43
84,84
66,66
4,42
64,64
77,77
98,98
82,82
81,81
20,20
0,0
48,48
46,46
33,84
22,61
13,13
17,49
39,39
76,76
0,0
17,17
64,64
48,48
90,90
93,93
82,82
75,75
96,96
97,97
3,3
83,92
60,60
61,61
32,32
26,26
84,84
41,41
12,12
85,85
12,76
8,8
82,62
72,21
94,94
7,63
22,22
15,15
66,66
89,89
97,97
19,19
0,0
19,19
5,5
56,56
36,36
45,45
1,1
94,94
66,4
86,87
82,82
17,17
64,64
99,99
34,97
30,30
73,73
83,83
6,77
1,91
28,28
77,77
91,91
74,74
68,68
14,14
14,14
1,1
92,92
97,97
45,45
7,7
21,21
37,37
32,32
73,72
88,88
86,86
92,92
14,14
86,44
74,74
25,25
93,67
78,78
77,77
88,15
42,42
10,10
65,38
26,26
31,31
85,85
78,78
29,29
32,32
81,81
97,97
1,1
82,82
0,57
21,4
15,15
56,69
57,57
97,64
76,76
60,60
87,87
46,11
1,1
61,61
75,75
62,62
21,21
61,61
78,78
90,90
68,68
94,94
88,88
95,3
3,3
83,83
32,32
93,93
77,77
38,38
63,63
61,61
41,41
88,88
83,83
35,2
82,82
50,50
15,15
48,48
25,11
4,63
71,71
8,8
98,98
67,67
7,7
85,85
25,20
96,96
60,60
55,80
80,80
13,13
90,90
54,54
15,15
76,76
39,39
95,95
24,24
7,7
64,64
70,70
88,88
81,81
0,0
12,12
64,64
31,31
79,79
86,86
60,60
22,22
38,80
82,82
14,14
48,48
33,33
55,55
53,53
40,76
1,1
58,58
94,94
70,92
29,29
86,57
23,23
46,46
58,58
99,99
78,78
10,61
53,53
37,37
97,97
65,65
15,15
77,50
52,59
63,63
32,32
6,6
36,36
6,6
7,7
36,37
74,43
13,81
22,22
32,67
54,54
62,92
84,16
57,57
25,25
11,11
62,82
85,4
31,31
26,26
16,76
96,96
71,71
90,90
39,39
20,20
47,47
35,35
19,19
52,52
66,66
32,32
53,53
53,53
21,21
98,98
6,6
88,44
71,71
45,51
98,23
55,55
99,44
24,24
93,93
67,50
33,33
16,16
33,33
9,9
10,28
46,65
68,68
24,24
96,96
22,40
40,40
63,63
53,53
10,10
14,78
41,41
77,77
54,54
84,20
20,20
29,29
76,76
36,36
1,54
26,26
99,45
2,2
96,96
69,69
36,36
18,18
90,90
66,66
52,47
37,37
99,99
97,34
12,12
55,55
15,15
85,85
15,32
16,86
33,12
99,99
80,25
28,28
69,69
51,51
72,72
39,39
8,8
56,56
59,52
15,46
21,21
77,77
45,45
21,3
80,29
89,89
37,37
48,48
47,59
56,56
65,65
96,96
14,14
52,90
2,2
60,60
9,9
68,68
22,22
23,23
44,32
19,11
54,54
97,97
23,71
54,54
62,92
56,56
23,23
42,42
81,81
66,64
87,16
47,47
47,96
45,54
42,42
51,51
10,10
35,25
68,71
13,13
55,30
34,34
74,50
47,47
40,45
51,51
6,6
3,3
76,76
52,47
53,53
34,34
60,60
63,63
28,28
24,24
36,50
69,69
82,82
90,90
70,70
75,25
77,77
43,43
43,43
78,33
81,81
80,2
66,66
35,35
84,84
21,21
49,49
96,33
15,15
37,37
2,11
89,89
36,36
9,9
53,53
91,91
65,80
67,23
94,94
40,40
72,55
90,90
86,86
85,85
30,95
92,92
25,25
60,68
2,11
29,29
0,0
9,9
37,81
1,1
50,50
90,90
27,1
52,52
36,80
48,8
71,71
12,12
97,97
0,0
3,3
41,41
21,21
16,16
51,51
72,72
13,81
63,65
81,81
73,73
55,55
30,30
28,2
10,10
84,45
8,8
6,6
9,9
93,26
2,2
78,78
26,82
16,16
17,17
39,39
67,67
20,20
3,3
81,81
26,26
96,96
45,45
15,15
29,3
57,57
60,60
49,49
36,36
23,23
63,63
72,27
19,19
41,41
55,55
26,70
25,20
49,49
28,28
20,20
33,33
7,7
45,45
7,7
89,89
1,1
90,90
42,64
15,15
23,23
93,93
96,96
59,59
29,29
29,29
75,75
93,93
8,48
70,70
48,48
82,82
84,84
81,81
72,55
38,38
80,74
63,63
76,76
4,4
54,54
60,71
1,1
49,49
1,1
92,92
77,79
30,30
98,98
62,62
25,5
26,26
55,40
25,5
21,21
25,25
82,82
80,80
19,19
93,93
35,2
61,61
81,81
69,69
9,9
91,32
96,96
34,34
23,23
9,9
0,0
28,28
51,51
91,91
65,65
33,23
5,5
13,89
52,52
58,58
65,65
32,32
37,37
63,63
61,61
19,19
2,2
49,49
64,64
58,58
93,77
62,62
52,47
53,53
41,41
33,96
84,8
22,5
67,67
44,45
95,95
24,24
46,46
98,98
31,31
83,83
16,16
2,2
47,52
51,78
3,31
18,79
60,60
38,38
95,95
89,88
11,89
63,63
15,15
49,49
63,63
85,85
12,37
38,38
66,66
99,99
72,72
83,83
12,12
93,93
51,42
21,21
47,47
21,66
43,43
77,77
55,55
36,50
57,57
69,76
5,5
29,29
41,41
14,14
41,41
77,77
58,58
60,60
45,26
88,88
19,19
19,19
48,48
5,5
81,81
69,69
77,77
60,60
88,42
92,92
31,31
34,34
36,36
30,30
64,80
82,82
88,88
7,7
38,38
57,57
92,54
23,23
11,46
41,25
38,79
90,90
76,76
28,28
24,24
6,6
84,84
76,76
88,38
28,28
98,98
96,96
93,93
64,64
45,45
54,54
26,55
79,79
70,70
46,46
89,89
89,89
64,64
93,93
39,39
53,53
36,50
50,50
56,56
84,84
46,46
13,13
5,5
51,51
5,5
56,56
68,68
70,70
92,92
93,93
28,40
18,31
37,37
50,50
81,81
67,67
41,41
35,35
99,44
41,41
79,79
90,90
59,59
59,59
35,2
16,16
17,17
64,64
90,90
96,96
3,3
88,88
3,3
45,45
0,0
68,68
33,33
49,49
0,0
18,18
22,22
72,72
4,4
66,66
5,5
46,11
79,79
70,92
9,9
49,69
34,34
48,48
71,71
37,37
42,42
6,14
91,91
58,58
42,72
17,17
1,1
5,5
65,65
5,5
38,34
47,47
38,64
63,63
61,10
28,28
99,99
20,20
88,88
50,50
53,53
97,97
59,59
78,78
35,98
50,44
6,6
98,98
33,56
65,28
23,23
68,68
26,26
96,52
17,17
65,65
47,47
12,12
94,94
81,81
76,76
91,91
72,72
35,35
18,18
96,47
92,92
98,98
19,19
0,0
43,43
50,50
43,43
44,72
73,73
4,4
53,53
37,23
8,8
25,25
52,52
29,29
44,44
12,68
38,38
5,5
25,5
41,41
81,81
23,23
68,68
59,52
81,81
43,43
8,8
11,98
18,18
92,92
5,5
34,34
48,48
80,80
25,37
31,55
8,8
88,88
10,10
50,50
76,76
50,50
95,95
94,94
83,70
52,52
44,16
16,16
99,99
68,68
28,28
15,15
47,47
34,65
57,57
13,13
22,22
9,9
90,41
50,50
34,34
43,43
20,20
87,87
91,91
80,50
9,9
17,17
19,19
57,57
14,14
27,93
46,46
13,13
44,44
24,24
10,10
84,84
4,21
56,56
29,29
29,29
51,51
78,78
62,62
53,53
17,17
28,28
28,28
11,11
65,65
48,48
48,13
12,71
55,95
66,66
98,98
8,8
94,94
25,25
70,70
54,40
12,12
86,86
3,55
76,76
13,13
2,11
7,7
91,91
55,55
45,45
51,51
53,0
28,28
9,9
87,87
13,48
30,30
58,58
61,78
31,31
70,92
39,39
3,3
47,47
34,34
26,26
50,78
59,59
64,64
37,37
92,92
14,14
26,26
37,37
94,94
29,29
15,15
63,84
7,24
32,32
9,9
43,43
12,12
27,27
78,78
97,36
55,72
11,46
69,69
66,66
31,31
20,20
54,54
45,3
86,86
84,84
55,72
3,11
6,6
54,14
69,69
47,47
62,62
57,53
85,85
30,95
16,16
11,2
82,82
65,65
59,59
81,90
39,39
79,79
25,25
44,48
16,16
23,23
17,17
49,49
69,71
74,74
63,63
10,28
56,56
43,43
22,22
11,11
9,9
17,17
31,31
52,52
52,96
36,36
58,58
79,79
42,42
32,78
15,15
15,15
79,79
56,56
3,3
77,77
57,57
5,5
76,76
84,84
47,52
79,96
64,64
3,3
22,22
84,89
15,15
83,83
19,19
64,64
61,61
33,33
16,16
76,76
96,96
87,87
92,70
39,39
60,60
59,59
74,74
27,38
68,68
7,7
23,23
42,42
47,47
2,11
20,25
80,80
24,24
17,17
12,12
55,72
13,13
17,17
67,67
21,21
42,42
21,21
46,98
79,79
21,21
61,61
64,80
41,41
16,16
40,40
54,92
70,70
65,65
84,84
64,3
37,37
59,59
92,92
71,71
17,17
96,96
94,94
39,39
93,93
79,79
34,34
26,26
33,33
24,36
12,12
53,53
88,88
20,20
47,47
98,43
25,18
45,65
25,25
61,61
56,56
68,68
27,27
13,13
92,92
12,89
46,46
76,76
67,67
27,29
2,2
78,12
48,48
3,3
98,98
20,20
8,8
43,72
57,57
63,63
7,7
10,10
47,52
46,40
52,96
90,90
69,69
78,78
15,15
78,78
29,44
61,61
5,5
30,91
86,86
85,85
33,33
10,10
44,44
34,34
24,24
56,56
61,16
62,62
38,38
72,73
44,44
53,53
7,7
38,38
17,17
40,40
91,50
83,53
82,82
10,10
21,21
30,30
65,50
47,47
57,57
16,16
81,81
30,30
72,72
96,96
88,88
62,62
95,95
27,18
61,61
2,35
50,50
21,21
87,87
5,20
69,69
37,37
59,59
0,0
78,78
20,20
85,85
54,54
53,57
73,30
69,69
3,3
35,46
49,49
33,33
73,73
99,99
97,97
89,89
3,31
54,54
90,90
45,40
11,35
1,1
51,51
28,28
79,44
47,47
54,26
83,0
40,40
14,14
26,45
27,95
12,12
42,42
44,27
29,29
59,96
8,8
17,17
56,56
46,11
80,80
1,1
82,82
51,59
34,34
86,86
96,52
86,86
93,93
38,79
20,20
19,4
2,10
20,25
91,91
55,55
65,54
64,64
90,90
70,70
34,34
11,11
55,66
68,68
52,59
6,6
79,50
22,22
22,22
86,86
10,61
1,1
75,75
48,48
5,5
90,81
67,72
99,99
33,15
82,82
76,76
51,33
92,70
65,65
77,77
70,70
12,12
91,91
83,53
95,95
48,48
52,52
30,12
49,49
11,11
3,3
17,17
80,18
94,94
29,4
87,87
49,49
64,4
57,57
42,34
95,95
28,28
16,16
99,99
46,46
31,31
25,25
2,2
95,95
21,21
83,53
59,59
56,56
28,28
17,17
53,53
71,71
7,7
94,94
53,53
89,89
10,0
28,28
7,7
36,23
79,33
53,0
87,87
43,43
76,76
69,69
22,39
17,17
6,6
53,53
68,68
44,44
89,89
15,15
80,19
45,45
95,95
37,37
80,80
28,28
13,71
23,23
52,52
24,24
21,21
55,44
99,99
98,56
21,21
59,59
9,9
81,81
88,88
93,93
61,61
17,17
44,44
49,49
81,81
78,78
94,94
40,40
60,60
80,26
58,58
4,33
88,88
18,18
24,18
36,36
26,26
74,74
88,88
56,56
3,3
65,65
0,0
43,43
22,22
47,47
65,65
22,99
69,69
9,9
78,78
4,4
69,69
46,11
97,97
29,29
18,27
64,64
98,98
65,65
36,36
94,94
84,84
91,91
20,20
36,36
50,74
76,76
29,29
63,63
6,6
30,30
99,99
55,78
21,21
38,38
83,83
67,67
31,31
49,49
39,39
66,66
66,66
53,53
54,54
41,41
36,36
61,61
88,88
30,30
19,19
95,95
41,41
89,89
19,19
46,46
78,78
37,89
31,31
22,22
2,2
78,78
13,13
73,73
51,51
95,95
2,98
38,38
98,75
28,28
18,45
42,42
7,7
88,88
61,61
12,12
8,8
92,92
41,41
33,33
65,64
17,17
51,51
99,99
35,46
67,67
63,63
63,63
9,9
58,58
96,96
77,77
1,1
36,36
53,53
83,92
13,13
98,46
21,21
35,35
39,39
49,49
81,81
35,35
3,3
77,77
89,89
30,30
85,85
59,52
48,48
98,58
38,38
80,43
39,39
82,82
43,43
12,12
21,21
18,18
25,94
5,5
25,25
63,63
78,78
4,4
40,40
29,31
15,43
39,23
49,49
93,93
39,39
77,14
69,69
53,53
64,65
12,12
57,57
5,5
17,17
97,97
37,37
48,48
79,79
5,5
83,83
16,16
41,89
48,48
54,54
79,79
67,67
73,61
0,0
19,19
14,14
29,29
84,20
48,48
36,36
76,76
95,95
20,20
59,59
57,57
67,67
6,6
71,71
21,21
7,44
91,91
92,92
87,87
91,91
16,16
86,86
58,58
89,89
97,97
83,83
72,72
85,85
41,87
3,3
20,20
10,9
74,74
49,49
63,56
91,91
56,56
92,92
19,19
64,97
28,28
11,31
41,41
81,81
90,90
89,89
86,86
22,22
41,41
50,64
27,27
87,87
21,21
34,34
36,36
90,90
94,94
71,71
31,31
62,62
95,95
33,33
38,38
95,95
41,41
24,24
89,89
15,15
81,81
8,8
48,48
30,30
52,52
79,79
20,25
68,68
16,16
78,78
45,45
31,31
66,66
52,52
43,43
20,20
98,98
24,24
71,71
49,49
44,15
46,98
62,84
22,22
11,2
89,89
99,78
73,93
26,26
53,53
10,10
41,41
12,12
2,2
4,4
39,39
19,19
56,56
74,74
79,79
73,73
46,35
3,66
22,22
6,6
59,59
54,14
87,87
2,6
87,87
49,49
91,91
37,37
53,65
51,59
7,7
99,99
13,58
25,25
66,66
80,80
22,39
73,73
83,28
14,14
42,42
86,86
22,22
90,90
74,99
24,24
84,84
91,69
97,97
88,88
4,4
26,26
22,22
19,97
67,67
73,67
84,41
98,21
6,6
35,31
29,29
51,51
59,59
62,62
60,60
68,68
44,8
83,83
0,57
41,41
90,81
48,48
82,82
67,67
28,10
28,28
71,71
79,79
43,43
17,37
5,5
17,17
7,7
84,84
57,53
27,32
57,57
68,68
26,26
59,59
4,4
87,87
99,99
3,3
66,66
38,38
15,15
75,75
20,20
47,47
0,0
14,14
85,12
62,62
55,55
63,63
69,69
3,55
77,70
73,73
38,38
59,80
52,52
84,58
37,37
60,60
21,21
96,45
68,68
16,16
19,19
40,40
70,70
61,61
10,10
57,57
81,81
68,68
12,33
10,28
38,38
10,61
47,47
76,76
11,11
72,72
23,23
1,44
14,3
31,31
30,30
93,18
54,54
9,9
15,15
2,2
26,26
65,65
32,32
12,12
58,58
73,73
76,76
95,95
67,49
95,95
26,99
92,62
47,47
84,84
29,29
51,51
44,44
45,45
60,60
34,34
97,97
1,1
93,93
97,97
19,43
19,65
92,92
69,2
65,50
95,95
78,42
5,5
34,65
76,76
25,9
50,50
30,30
69,69
59,59
34,34
77,70
46,98
66,66
31,31
73,73
87,87
90,90
18,18
6,45
38,38
81,81
25,25
81,90
64,50
70,77
37,37
76,76
31,31
0,0
90,90
32,62
5,5
56,37
41,41
80,80
5,20
52,59
51,4
25,25
20,20
61,61
98,98
20,20
32,32
35,2
5,5
72,55
61,61
43,43
58,58
36,36
99,99
60,60
70,70
38,38
59,59
26,26
56,56
78,78
83,83
23,23
52,52
32,32
54,54
33,33
61,61
49,49
53,53
15,15
50,50
3,3
12,12
86,86
55,43
58,58
5,5
30,30
26,26
10,10
0,0
11,11
9,9
33,33
53,53
33,33
94,94
46,46
99,99
34,34
1,1
17,17
63,74
69,69
66,66
37,37
67,67
40,40
93,93
24,24
82,82
23,23
30,30
66,66
30,73
11,11
11,11
94,94
88,88
37,76
29,29
46,46
95,95
54,54
41,41
6,6
19,19
22,22
3,3
32,73
55,55
53,53
72,21
33,33
20,20
63,63
12,12
64,64
23,23
22,22
75,75
8,8
33,33
66,66
55,55
72,72
73,73
84,84
13,13
96,96
65,38
22,22
0,0
19,19
80,64
23,23
85,85
68,68
86,86
37,37
81,68
35,35
98,26
8,8
23,71
76,76
74,74
89,89
60,60
69,69
96,52
32,32
29,29
64,44
9,9
16,16
0,0
74,80
17,17
54,54
62,62
6,93
34,34
65,65
8,8
46,46
67,67
53,53
23,23
78,78
61,61
26,26
64,64
25,25
70,70
96,96
67,67
22,22
45,67
65,84
96,96
79,79
23,23
76,76
26,45
57,57
16,5
64,64
34,34
82,82
66,66
83,83
72,4
71,71
9,9
60,60
35,50
43,43
29,29
93,72
58,58
94,94
5,5
83,83
92,92
26,26
39,39
86,86
93,27
16,16
85,85
27,44
76,76
89,89
42,42
18,18
14,14
4,4
73,67
71,23
20,20
20,20
16,9
51,51
88,88
5,5
25,25
64,23
59,59
77,77
22,22
3,42
68,68
28,28
44,44
13,13
73,73
98,98
52,52
44,91
99,99
17,49
31,31
50,50
87,87
44,44
85,85
58,58
57,57
45,45
28,94
5,5
11,11
81,81
46,2
67,67
96,63
69,69
19,84
55,72
75,75
31,31
97,97
66,4
51,55
71,71
29,29
4,67
89,89
99,99
67,67
39,39
52,52
59,59
12,12
96,96
16,10
36,36
64,64
27,27
81,90
37,37
11,32
85,85
50,65
35,2
78,78
6,6
72,93
70,70
74,74
42,42
0,0
41,41
39,39
87,87
80,80
44,44
47,47
95,95
10,10
21,21
63,63
55,72
69,69
20,20
85,85
78,78
23,23
13,13
92,92
98,35
84,84
75,75
10,84
4,4
52,52
55,55
61,61
89,89
57,57
50,50
42,42
40,14
91,91
88,88
73,40
49,49
20,20
2,42
16,16
26,26
91,91
88,88
85,85
28,28
27,27
83,53
54,54
65,25
71,71
77,77
13,13
56,56
76,76
37,37
3,21
72,72
63,42
46,46
75,75
90,90
26,26
60,60
49,68
50,50
15,15
2,94
78,78
94,94
86,86
25,25
11,2
13,13
4,4
40,57
47,47
44,44
90,90
95,95
78,78
7,7
78,58
39,39
40,40
69,69
72,72
64,38
47,47
60,68
78,78
36,36
75,75
36,36
82,82
88,88
38,38
36,36
81,81
72,4
50,50
2,2
52,52
68,68
44,44
6,6
53,53
56,56
32,32
46,46
34,34
83,83
74,74
19,15
43,43
77,27
87,87
26,26
63,63
5,25
79,79
85,89
38,38
80,44
59,59
5,5
73,73
32,32
15,15
24,24
93,89
2,2
88,88
49,49
11,11
38,38
62,62
7,7
6,6
61,61
27,27
5,5
41,41
37,87
10,10
43,42
69,23
21,21
73,73
68,68
88,88
10,0
65,65
4,64
47,47
59,59
20,20
35,45
2,11
88,88
83,83
72,72
4,27
3,3
60,60
82,82
61,22
68,68
92,92
22,53
84,84
87,87
32,32
91,91
38,34
36,36
9,9
63,63
57,57
50,74
97,38
27,42
34,34
69,69
1,1
82,82
13,81
84,16
15,15
97,72
22,22
27,33
18,18
79,79
98,98
74,74
97,97
13,59
78,78
88,88
98,35
78,44
5,5
4,4
17,17
60,60
44,79
69,19
53,53
37,37
82,82
44,44
3,3
24,24
27,27
6,14
38,38
35,98
21,21
0,0
16,61
84,84
11,11
41,41
98,2
89,89
99,91
31,31
46,46
68,68
47,47
47,52
11,2
95,95
70,70
23,23
58,58
50,38
27,44
8,8
47,52
27,27
3,3
68,68
53,53
34,3
68,68
96,96
53,10
19,38
70,70
21,21
90,90
11,11
21,21
4,74
1,1
53,53
29,29
93,93
14,14
91,91
71,71
88,88
98,98
89,89
27,27
71,71
64,64
94,94
61,61
20,20
83,83
3,21
38,4
99,99
5,5
11,11
84,84
88,43
6,7
67,67
5,87
31,31
65,65
59,96
30,30
97,97
64,34
46,46
22,22
51,51
25,84
18,18
78,78
56,8
88,6
24,24
5,5
22,22
15,15
67,67
15,15
2,2
60,60
41,41
11,11
70,70
76,76
81,13
89,89
24,24
30,30
50,50
0,0
75,75
63,67
9,9
36,36
20,20
7,84
74,74
24,24
73,73
32,67
35,35
82,82
87,87
31,31
14,14
73,49
47,47
65,65
77,77
51,51
61,61
30,95
32,46
66,66
29,29
97,97
16,16
0,0
82,82
43,43
23,23
89,89
9,9
16,16
68,68
2,35
45,71
44,27
23,23
38,38
56,56
40,40
35,35
73,73
0,0
88,88
23,23
7,7
42,88
77,32
9,78
35,98
96,96
83,57
94,94
3,3
90,90
75,50
38,44
14,14
71,71
36,36
3,19
78,78
21,21
13,13
48,48
83,83
50,50
79,79
55,73
33,33
21,21
60,60
8,8
84,84
92,70
6,6
51,33
25,20
27,27
86,86
27,44
8,8
21,21
12,12
44,44
75,75
27,27
50,74
80,80
54,50
94,94
48,48
41,41
53,53
14,14
55,55
53,0
12,81
7,7
46,46
95,95
38,38
67,67
0,0
72,72
11,11
27,27
1,18
73,73
25,25
47,47
42,42
75,27
81,13
69,69
10,10
24,18
87,40
35,35
69,69
86,39
59,37
84,84
63,63
86,87
23,23
82,82
14,14
10,16
26,26
62,54
6,6
10,10
17,17
76,76
56,56
63,74
85,85
99,40
64,9
7,7
42,42
24,24
13,12
6,6
37,37
16,16
33,33
48,48
44,44
80,26
19,19
82,82
46,46
33,33
31,31
86,86
59,23
3,3
9,9
57,57
54,46
43,43
35,35
93,93
62,62
88,88
64,64
78,78
45,6
36,36
1,1
43,43
34,34
71,71
87,87
39,39
18,18
57,57
67,67
4,4
73,50
41,41
76,76
73,72
43,43
94,94
25,81
63,25
71,71
15,15
52,47
38,38
30,30
64,64
30,30
23,23
35,35
74,74
36,36
76,76
96,47
17,17
31,31
76,76
88,88
3,3
63,63
2,2
77,77
49,49
92,92
17,17
80,80
89,89
3,3
88,88
26,26
41,41
79,79
32,32
62,6
55,27
20,20
98,98
26,26
17,17
1,1
32,86
43,43
85,85
72,72
59,59
24,24
13,13
31,46
14,14
42,42
40,85
33,33
20,20
68,68
23,23
62,70
24,24
55,72
10,10
22,22
70,70
79,26
73,73
45,45
84,5
9,9
70,92
96,47
97,97
33,33
67,67
21,21
90,90
62,6
57,57
25,25
54,54
69,69
40,53
41,41
93,93
9,9
83,6
7,6
25,58
13,13
90,90
16,16
12,71
48,48
50,50
37,37
49,49
60,68
36,36
37,37
39,39
65,21
91,91
70,70
90,90
99,26
10,61
4,74
21,55
48,48
36,36
31,31
66,66
5,5
92,92
93,18
60,80
50,50
93,32
28,79
49,49
32,32
79,79
98,98
86,86
30,30
64,64
18,44
44,44
13,13
99,99
27,27
69,9
87,87
6,6
22,22
50,50
90,58
71,49
20,20
91,91
90,90
71,71
49,49
42,42
57,57
20,20
63,63
67,67
12,12
91,91
39,39
20,20
73,73
52,52
69,69
56,56
10,28
51,26
44,44
62,92
62,3
43,43
30,30
6,6
99,99
35,35
79,79
35,11
9,9
20,20
79,79
15,29
87,87
37,37
20,20
60,60
33,33
67,67
92,14
73,99
88,88
38,38
90,90
70,70
77,77
84,84
16,16
18,18
80,80
51,51
42,42
68,68
18,78
24,24
19,19
6,18
57,83
21,21
42,42
39,39
10,61
20,20
9,9
4,4
51,77
1,1
14,14
53,53
7,7
60,71
53,53
90,90
43,43
62,62
38,38
76,76
84,84
46,46
32,32
54,54
34,38
29,44
65,65
72,72
65,65
10,16
25,5
7,7
48,48
90,90
94,94
42,63
4,32
55,45
99,91
68,68
6,6
24,24
82,82
43,43
71,49
31,31
75,75
26,45
49,49
98,98
25,25
62,62
73,91
2,11
81,81
99,99
11,11
31,31
82,82
56,56
3,3
88,88
62,62
8,8
73,67
20,20
44,44
80,80
89,89
0,0
23,23
16,16
96,96
24,7
26,26
93,30
6,6
53,53
93,93
19,19
49,49
11,2
45,33
27,27
26,26
82,82
84,84
28,28
1,1
56,56
26,26
57,57
60,60
18,65
55,57
71,23
56,56
47,52
21,21
36,36
9,9
41,27
24,24
75,75
5,5
32,32
12,12
57,57
84,84
76,76
65,65
12,12
21,21
23,23
76,76
29,29
57,57
75,75
32,32
25,25
96,96
56,56
49,49
8,8
19,43
98,30
39,39
71,71
46,46
3,57
41,41
64,61
37,37
8,8
13,13
99,78
31,31
35,11
52,52
73,73
89,89
2,2
54,79
97,42
73,73
95,95
1,1
12,44
0,0
51,77
23,23
73,73
72,72
83,53
74,38
1,1
12,12
38,38
51,51
29,29
77,1
44,44
18,98
10,92
16,67
43,38
0,0
7,7
70,78
17,17
3,63
6,79
83,83
65,32
0,0
46,11
85,85
62,62
18,18
81,90
40,40
48,48
4,4
2,2
21,21
24,24
95,95
53,53
89,89
50,64
35,35
98,35
32,32
58,58
97,97
56,56
78,78
60,71
79,79
84,66
28,28
46,2
90,90
43,43
9,9
42,42
84,84
59,59
27,27
17,17
62,62
23,23
31,31
11,11
48,48
82,82
87,87
28,28
14,14
99,99
13,13
66,66
35,35
42,97
20,20
2,2
16,16
68,68
23,23
93,93
79,79
87,87
41,41
2,98
96,96
39,39
49,49
57,57
96,52
12,12
38,38
65,65
39,39
93,93
83,83
32,32
19,19
8,8
53,53
69,69
72,72
23,23
29,29
43,43
88,88
11,11
96,96
62,62
54,79
2,35
73,73
34,34
48,48
34,34
34,34
94,94
88,88
67,49
71,71
97,97
7,7
35,11
77,6
95,95
44,27
45,45
27,27
80,80
84,84
99,99
52,47
92,70
70,51
16,16
88,88
25,25
58,58
79,79
54,54
73,73
50,50
47,52
51,32
78,52
26,26
50,50
17,68
86,86
72,32
87,87
34,34
47,52
25,5
72,19
29,29
95,95
86,86
92,62
78,78
3,3
28,40
58,58
66,66
78,69
38,31
22,78
66,66
95,95
45,45
97,97
65,65
54,54
71,71
70,70
80,80
85,85
28,28
41,41
71,71
64,64
75,75
90,90
7,7
37,37
23,23
54,54
84,84
86,86
8,8
22,22
51,51
75,75
26,26
11,11
3,71
46,46
64,50
92,92
55,11
39,39
66,56
86,86
85,85
0,0
8,8
27,27
57,57
13,13
94,94
40,28
61,22
94,94
17,17
11,46
1,1
4,50
49,59
77,77
0,0
1,1
80,80
48,48
39,39
55,55
38,38
12,12
35,35
12,12
78,78
87,87
11,76
0,0
95,95
90,90
10,10
88,84
10,10
97,97
48,48
63,63
51,51
52,47
47,47
85,85
69,69
65,65
81,81
30,30
51,51
69,69
28,28
4,4
31,31
97,97
48,48
64,64
80,80
0,0
0,0
5,5
45,45
13,13
90,90
85,85
56,56
51,51
34,34
44,10
91,91
85,85
56,56
10,10
46,10
93,93
77,77
81,81
82,82
18,44
66,66
56,56
49,49
0,0
70,70
63,63
99,77
14,15
5,5
26,26
24,24
86,86
64,55
55,55
1,1
94,94
74,74
6,6
25,25
52,47
90,90
5,5
40,40
41,41
49,49
76,76
19,19
44,78
49,49
57,57
85,85
63,63
91,91
63,63
94,94
55,55
59,59
21,21
59,49
47,47
31,65
60,60
44,78
25,25
11,2
97,97
96,96
3,38
46,46
85,85
56,56
34,34
50,32
41,41
87,87
38,38
83,83
45,29
77,74
15,15
47,47
68,68
46,46
87,84
61,61
69,69
49,49
86,86
89,89
36,36
59,59
67,67
54,54
72,72
3,3
62,62
60,60
97,97
40,40
69,69
4,4
94,94
65,38
39,39
87,87
48,48
93,93
38,38
67,30
26,77
1,1
10,67
41,41
47,47
78,99
87,94
13,13
11,11
57,57
45,45
39,39
8,8
55,55
21,21
65,19
97,97
90,12
98,46
63,63
78,78
44,44
44,44
15,15
53,57
97,55
13,13
9,9
75,75
73,73
84,84
84,87
48,48
12,12
25,25
7,7
90,81
7,7
55,55
90,90
86,86
67,67
54,54
77,91
60,60
9,9
54,54
34,34
68,68
25,25
71,71
20,20
89,89
24,74
84,84
4,4
59,59
26,26
18,18
37,37
98,35
64,97
74,74
94,94
5,5
43,43
97,97
23,23
93,93
15,15
17,17
1,1
58,58
31,29
8,8
45,45
28,28
23,23
19,19
88,88
87,87
82,82
26,26
33,33
63,63
16,83
13,13
91,91
76,76
76,76
38,38
10,10
70,54
17,17
78,78
56,56
75,75
57,0
79,79
90,90
38,38
51,51
27,27
71,71
96,96
6,6
40,40
51,51
47,47
37,37
41,41
66,66
67,67
41,41
82,82
14,14
23,23
6,3
98,98
11,11
7,7
65,65
64,64
40,94
15,15
1,1
29,29
38,38
75,19
40,40
31,85
60,60
79,79
63,63
6,6
36,65
31,31
21,21
52,96
71,71
1,1
61,10
34,34
34,65
77,77
35,98
37,37
7,7
70,70
20,20
93,93
41,41
92,83
87,87
46,46
30,30
30,30
46,98
85,85
32,92
14,14
51,51
24,24
5,5
49,49
61,53
89,58
48,48
98,46
7,7
94,94
37,37
94,94
94,94
52,52
11,35
61,61
41,41
50,50
84,84
76,76
18,18
64,64
80,80
62,62
11,46
41,41
69,69
34,34
2,2
45,45
62,62
87,94
99,99
45,45
2,2
27,27
91,91
19,19
56,56
20,20
92,83
54,54
75,75
9,89
83,83
27,74
95,95
49,49
14,14
2,2
43,43
96,96
95,95
66,66
81,81
9,9
44,44
99,99
87,87
79,79
11,46
59,59
18,44
62,54
96,47
94,84
49,49
47,33
72,55
26,26
71,23
76,76
21,21
81,81
30,30
99,99
64,64
92,62
0,0
6,6
74,74
82,82
13,12
69,69
8,8
3,3
74,74
89,89
11,98
16,61
92,92
79,79
86,86
72,72
95,95
38,38
42,42
65,65
61,16
68,68
17,17
41,85
49,49
20,20
4,4
75,75
48,48
13,13
60,60
67,32
62,62
17,17
37,13
32,42
59,59
59,59
38,38
70,62
79,79
11,11
49,49
44,44
0,0
26,73
45,45
48,48
1,1
33,33
57,57
10,61
37,81
97,97
44,7
43,43
63,63
55,35
37,37
20,83
49,49
19,19
16,16
26,26
21,21
79,79
40,40
68,68
74,1
95,73
46,46
94,94
68,68
13,13
22,61
83,62
46,93
74,50
35,35
60,60
11,35
21,21
34,34
39,39
65,65
13,81
20,20
21,21
99,99
68,68
88,88
93,4
49,49
69,69
17,17
55,73
81,81
63,64
14,66
73,67
17,17
13,13
95,95
99,18
61,86
24,24
22,22
23,23
94,94
33,33
90,90
8,8
68,68
52,52
20,20
64,74
54,54
53,53
3,3
4,4
88,42
53,53
27,27
5,9
47,47
97,97
5,5
35,35
71,71
54,54
54,54
17,17
56,56
54,92
15,15
69,69
65,65
24,24
42,42
8,8
72,69
77,77
75,75
66,66
93,30
94,94
27,27
98,98
75,75
44,45
37,37
8,8
10,10
84,84
72,77
34,38
37,37
2,2
86,86
20,20
90,90
49,49
95,95
29,29
34,34
46,46
43,43
72,72
18,6
51,51
87,87
18,65
41,41
93,38
72,72
95,50
19,19
34,34
42,44
79,79
79,79
17,17
73,73
97,97
45,45
97,97
29,29
86,16
29,29
0,0
19,19
12,12
91,91
75,75
97,38
50,50
13,13
61,10
74,74
85,85
29,95
67,67
50,50
43,43
50,66
3,3
25,25
13,13
50,50
56,56
60,60
30,30
61,61
34,34
84,84
1,1
58,58
35,35
4,91
77,77
42,66
22,22
87,87
38,38
11,98
9,9
32,32
12,12
50,50
8,8
96,96
61,61
9,57
43,43
9,9
58,58
92,70
32,32
32,32
25,25
0,0
34,2
75,75
68,68
27,27
15,15
0,57
38,38
10,10
3,42
44,21
30,67
43,89
59,96
50,50
40,20
67,67
76,69
49,49
98,98
57,57
16,16
56,56
84,84
75,75
50,50
90,75
10,10
83,83
22,22
59,59
93,93
36,36
51,51
6,6
74,2
82,82
1,1
97,97
12,81
79,79
49,49
94,94
39,39
25,25
98,98
10,29
58,58
79,79
54,54
64,64
1,1
24,24
46,46
51,19
45,23
70,70
29,74
96,96
2,2
7,7
95,95
27,27
83,83
89,89
7,7
52,52
24,24
49,49
5,5
80,80
53,53
75,55
55,55
14,75
15,31
69,69
51,44
24,24
19,19
2,2
68,68
24,24
75,89
75,75
41,41
13,81
44,33
41,89
31,31
74,50
18,18
43,43
0,57
13,13
15,15
7,7
17,17
83,83
92,92
79,79
34,34
74,74
86,86
20,20
50,50
72,72
14,14
86,94
88,88
98,98
4,4
77,77
1,1
79,79
12,12
87,87
78,18
65,65
1,1
59,52
48,48
83,83
58,58
13,85
56,56
94,94
50,50
13,13
55,97
97,97
10,26
7,7
21,80
19,19
22,22
54,54
75,75
75,75
27,96
5,25
75,75
6,6
75,75
35,2
19,19
79,79
48,48
18,18
12,12
32,87
3,3
60,60
65,65
85,12
77,4
43,43
65,65
85,85
96,96
98,35
66,66
62,62
73,40
83,83
65,80
58,58
12,12
19,15
38,38
27,27
81,81
21,21
29,29
51,51
58,58
88,34
89,89
5,5
15,15
10,10
37,37
95,95
50,54
30,95
74,15
98,98
33,33
40,40
50,79
52,59
14,29
63,3
72,65
53,53
91,91
81,81
73,73
16,16
32,55
90,90
33,33
52,52
41,41
11,11
38,18
14,7
56,56
43,38
80,80
65,65
46,46
92,92
52,52
75,75
78,78
60,60
70,70
36,28
19,32
2,2
8,8
61,61
55,72
24,24
47,96
30,30
70,70
25,25
7,66
28,28
67,67
53,53
28,28
11,46
54,54
74,33
66,66
41,41
4,4
95,95
47,47
52,52
59,96
68,68
21,21
13,41
62,62
58,58
92,7
18,18
24,24
30,30
78,99
14,14
86,86
78,78
76,76
68,68
56,56
70,70
31,64
97,97
72,72
7,7
84,40
43,43
61,61
33,33
42,42
89,89
42,42
38,65
92,92
24,45
49,49
7,7
52,52
66,66
99,99
96,96
34,34
14,3
11,11
92,92
29,29
4,4
3,3
55,55
61,61
90,90
94,94
29,29
90,81
43,43
21,21
66,66
57,57
25,5
37,37
0,0
1,1
56,56
30,67
80,80
93,93
8,8
23,23
98,98
64,3
69,57
68,68
72,72
1,1
35,35
92,92
22,22
52,52
90,90
91,1
37,59
71,23
27,30
89,89
28,28
56,56
0,0
79,79
20,20
18,18
39,60
79,79
45,45
96,96
68,68
24,24
0,33
42,42
81,13
80,72
81,81
87,87
33,60
9,9
46,98
59,59
7,7
64,64
70,70
25,25
46,46
89,89
93,21
58,58
37,37
91,91
3,4
57,57
75,75
5,5
80,80
70,70
64,55
34,34
22,61
54,54
34,72
32,32
9,9
31,31
77,77
43,43
33,33
79,80
63,63
63,63
1,1
99,99
27,27
12,12
74,74
93,93
20,20
60,60
66,8
40,40
59,96
92,92
46,35
47,47
52,52
89,89
6,6
93,93
94,94
54,54
15,15
96,96
79,26
49,49
13,13
41,41
14,14
30,30
76,76
21,21
82,82
52,52
79,91
4,97
46,46
14,14
43,43
32,32
34,34
83,53
13,25
19,19
31,31
67,67
0,0
95,73
32,32
33,60
71,71
8,8
64,64
53,53
47,47
22,16
30,30
22,22
7,7
84,84
56,56
92,92
30,95
23,23
63,63
22,22
57,57
24,24
23,23
32,32
72,72
82,82
64,50
43,19
13,13
98,98
26,26
55,3
83,0
12,12
76,76
47,52
24,24
92,70
40,99
86,86
39,39
31,31
37,37
71,71
39,39
72,72
87,87
17,17
13,69
39,39
35,35
54,54
88,43
1,1
61,61
24,24
69,69
4,4
9,89
98,35
74,50
58,58
76,76
96,60
4,4
84,84
30,95
88,88
79,79
5,44
10,10
33,47
54,70
36,36
46,46
6,6
46,46
86,86
39,39
83,57
77,77
69,69
65,65
14,14
33,33
61,61
35,11
20,20
9,9
37,37
63,32
82,82
46,89
72,21
77,77
16,16
64,43
46,46
23,23
22,22
75,75
78,78
46,39
10,10
85,85
7,83
68,68
31,31
91,91
28,28
58,58
55,55
91,91
19,19
59,59
44,44
98,98
27,27
34,34
17,17
25,25
58,58
29,29
85,85
85,85
25,20
35,3
12,12
8,8
34,19
16,16
86,86
48,48
49,49
15,15
55,50
53,53
99,99
66,66
26,10
88,88
64,64
87,87
41,41
17,17
40,15
6,6
55,55
8,8
95,95
94,17
3,4
2,83
56,56
66,66
4,4
68,68
11,11
20,20
49,49
23,23
72,72
16,16
0,0
86,86
59,59
93,93
48,48
40,40
33,3
17,17
52,52
54,54
94,94
87,87
77,80
79,79
5,37
91,73
28,28
30,30
7,7
25,65
42,34
75,75
31,23
14,14
94,94
57,57
63,63
81,81
4,4
99,99
45,61
32,32
11,11
9,9
59,59
81,81
40,40
48,48
6,6
98,98
70,70
93,93
0,0
14,14
49,49
51,51
4,55
14,14
42,42
80,80
68,89
78,99
47,47
31,31
62,62
62,70
90,90
8,8
9,81
51,51
91,91
80,80
79,79
22,22
18,18
61,61
62,53
54,54
34,34
42,42
33,33
16,54
99,99
99,65
27,55
13,13
39,39
56,56
53,53
82,82
48,48
76,76
82,82
49,49
40,58
58,58
58,58
28,28
37,37
38,3
93,93
68,68
13,13
42,38
35,46
68,68
47,47
13,81
91,91
53,53
23,23
29,29
89,89
35,2
43,43
62,62
15,15
9,9
97,97
15,86
44,44
75,75
84,20
33,33
41,41
6,79
71,60
78,91
17,17
76,76
78,78
88,88
49,49
35,35
54,54
86,86
12,12
74,74
80,80
33,33
49,49
5,30
63,63
78,78
41,41
36,36
37,37
66,66
98,98
76,76
8,8
13,13
53,53
87,87
19,38
38,11
18,18
32,32
88,88
4,63
78,78
99,99
75,75
21,21
74,50
97,97
75,75
64,36
52,52
94,94
10,61
34,34
14,97
21,42
61,61
1,1
80,80
21,21
81,81
98,98
69,69
52,47
63,77
20,20
91,91
68,68
64,36
76,76
5,5
9,89
43,43
49,49
55,67
55,33
32,32
83,83
42,42
58,58
44,38
48,48
15,15
48,48
17,17
28,28
35,35
11,98
15,15
21,21
81,81
59,59
14,14
37,37
75,75
2,11
10,10
19,19
58,58
90,90
43,43
3,31
71,49
23,23
28,28
68,68
80,80
61,78
87,86
25,25
89,89
42,42
74,74
91,91
47,47
5,5
22,22
6,6
58,58
91,91
61,61
91,91
71,71
74,74
82,82
66,66
30,30
47,47
38,34
45,83
54,54
48,48
13,13
85,85
3,67
28,9
21,21
44,44
27,27
0,57
8,8
28,28
27,30
98,98
48,48
81,81
36,36
29,29
86,86
19,19
82,82
89,89
35,98
13,81
42,42
60,60
69,69
12,12
89,89
50,50
24,24
49,49
12,12
71,71
25,87
71,71
46,46
14,14
88,88
64,50
13,13
25,25
11,11
44,44
17,17
18,18
74,74
75,19
14,18
42,67
83,83
60,60
30,30
57,57
94,94
48,48
75,75
15,19
51,51
93,93
93,93
41,41
52,52
52,52
12,12
64,65
87,87
99,99
86,86
5,5
42,42
71,60
64,64
99,99
49,49
22,22
52,47
59,96
5,5
60,60
71,71
72,15
74,74
19,19
56,56
24,24
30,30
76,76
15,15
39,39
16,16
21,21
15,72
38,97
30,95
55,55
98,11
25,5
40,69
82,82
3,3
67,57
47,47
71,71
52,96
47,47
60,60
55,29
16,16
61,61
36,36
90,68
32,32
21,21
30,30
78,77
43,43
81,13
88,88
49,49
96,96
10,53
95,95
33,96
15,15
85,85
89,89
79,79
26,93
18,34
97,97
14,14
15,15
16,16
75,75
6,6
92,92
88,88
64,64
54,54
71,71
6,6
96,96
8,8
67,73
0,0
78,44
92,92
57,57
66,66
48,48
67,59
60,60
89,89
16,16
42,42
58,58
61,61
22,22
75,75
37,37
3,21
60,60
9,16
27,27
83,83
89,89
42,42
88,88
44,44
2,2
62,62
94,94
32,36
95,95
66,66
8,45
40,40
44,44
45,45
26,26
48,48
87,87
59,59
35,35
61,61
64,64
43,43
25,5
48,48
45,45
36,36
29,29
51,51
76,76
74,74
61,61
56,56
55,74
44,44
50,64
8,8
27,78
22,22
61,61
77,14
85,85
95,95
78,99
0,0
80,80
26,96
33,33
49,49
51,51
36,36
98,11
39,39
76,76
95,95
31,80
45,14
27,27
60,60
3,3
51,51
94,94
67,67
6,6
62,62
98,98
28,28
26,26
61,61
29,29
64,64
95,95
4,4
42,42
17,17
99,99
30,76
86,86
83,83
78,78
25,9
50,36
97,97
67,99
52,52
28,28
44,78
28,28
22,22
5,5
35,46
37,37
66,3
88,45
95,30
1,1
57,77
12,12
44,78
97,97
78,78
7,7
94,94
85,85
48,48
16,16
85,85
63,63
59,59
70,70
62,62
58,58
54,92
60,60
9,9
44,44
23,49
71,71
10,99
89,89
31,31
67,95
56,56
42,42
70,62
73,6
43,43
43,43
86,86
15,15
24,24
84,84
42,42
60,60
48,48
19,19
93,30
16,86
30,30
13,13
21,21
78,78
68,68
48,41
56,47
74,74
42,42
20,20
14,14
78,78
62,62
76,76
42,43
28,28
74,74
78,78
28,28
27,27
51,51
83,62
48,48
79,79
67,67
43,80
90,81
18,18
40,40
88,88
15,15
89,89
0,0
80,8
95,50
59,59
67,67
57,57
64,64
55,9
72,72
39,39
1,1
14,14
10,10
40,40
66,66
32,32
11,32
4,64
54,54
14,42
15,15
84,84
7,7
15,15
70,70
45,26
28,28
27,27
36,36
31,31
80,80
16,16
59,59
6,6
19,19
87,87
15,15
81,81
25,20
98,35
2,2
68,68
47,47
18,18
66,66
66,66
17,49
65,65
90,90
98,35
45,45
76,76
95,95
5,5
89,89
69,69
57,57
60,60
95,95
16,16
7,7
52,52
6,6
7,7
67,67
60,60
67,67
52,59
2,35
94,94
25,25
23,23
58,58
65,65
38,38
85,85
48,48
82,82
21,21
55,38
69,69
39,39
12,12
29,29
5,5
17,17
87,87
78,78
70,70
30,73
87,87
94,94
75,75
44,1
73,73
67,74
62,62
41,41
1,1
16,10
85,85
80,80
29,29
44,44
69,69
26,26
46,98
20,20
7,7
93,93
63,63
53,53
40,40
37,37
33,33
76,76
48,48
63,63
84,84
31,31
54,54
28,28
72,38
34,34
47,59
63,74
54,54
35,35
93,93
61,61
2,46
51,51
7,7
59,59
68,68
81,89
81,5
39,39
13,13
37,81
35,35
81,81
51,96
18,6
4,4
23,23
93,3
94,94
77,22
47,47
51,51
5,5
90,81
86,40
48,48
96,96
23,23
79,45
13,13
98,98
71,71
60,60
62,62
39,39
68,68
52,52
14,18
21,21
15,15
77,77
94,94
73,73
70,70
59,59
55,55
76,76
72,72
3,95
18,77
0,0
99,99
24,24
56,56
0,0
82,82
72,4
37,37
20,20
54,54
11,11
9,9
86,18
65,65
78,78
22,22
48,48
1,1
33,59
77,77
49,49
89,89
36,36
42,42
20,20
2,2
32,32
87,87
71,71
36,36
95,95
27,27
36,36
54,54
92,83
88,88
6,6
31,31
54,54
32,32
58,58
10,28
64,64
93,55
3,3
55,27
49,71
56,56
33,33
99,99
62,92
34,34
53,53
17,17
93,93
66,66
0,0
58,58
4,4
37,37
1,1
58,58
66,66
58,58
88,31
39,39
40,40
82,62
68,68
4,4
55,55
65,65
72,72
13,13
17,17
30,30
67,72
50,50
1,1
59,59
73,72
58,58
90,90
56,56
44,30
16,16
32,32
15,15
90,90
99,78
56,56
40,40
63,63
22,22
2,2
14,14
72,72
76,76
73,73
2,2
79,79
5,5
39,23
12,12
43,43
91,91
97,97
80,80
65,65
62,62
33,65
86,22
66,66
24,24
62,62
49,49
30,30
24,24
73,73
31,31
55,55
59,59
46,46
11,46
20,20
83,83
80,80
38,38
30,30
93,73
65,50
41,41
0,0
35,35
54,54
9,9
16,16
87,87
81,81
12,12
49,49
60,60
81,81
89,89
42,42
51,51
36,36
59,96
92,82
7,7
94,94
80,80
56,56
37,37
63,67
74,75
46,31
34,34
88,88
85,85
24,24
28,28
56,56
51,19
41,41
62,62
7,7
6,7
38,38
26,26
22,22
52,52
32,32
70,62
28,28
96,96
44,85
57,57
13,13
47,47
8,8
73,30
17,17
14,14
18,18
91,91
82,70
19,43
57,57
71,71
16,16
54,54
7,7
52,52
26,15
50,50
81,90
74,33
50,74
74,74
71,71
85,85
8,8
31,31
28,28
17,17
26,6
10,28
93,93
16,16
0,0
37,37
26,26
71,71
34,34
50,64
99,99
44,27
58,58
16,16
8,8
34,29
35,11
86,94
41,41
0,0
19,19
44,44
46,32
6,6
42,42
62,92
73,73
31,31
73,72
62,92
97,97
97,97
0,0
57,57
19,19
46,46
53,53
69,69
47,47
13,13
84,84
67,67
43,43
80,80
59,47
20,20
76,23
65,65
79,79
99,61
62,62
58,58
55,55
26,71
1,1
46,46
90,90
66,66
69,69
39,39
71,60
88,88
6,6
51,51
34,29
31,31
80,72
67,67
78,78
84,84
23,23
23,23
68,68
74,77
78,75
78,78
86,86
1,1
61,61
2,45
72,72
32,27
64,64
43,43
60,60
27,44
62,62
91,91
81,81
64,26
35,35
32,2
91,91
85,85
70,70
28,28
59,59
22,22
43,43
35,35
9,9
74,50
84,84
72,72
81,81
95,95
16,16
25,25
12,12
24,24
61,61
50,50
9,9
8,8
20,20
11,11
49,49
0,0
55,73
31,31
18,18
35,35
23,23
47,47
47,52
30,30
88,88
32,35
40,40
97,97
17,17
81,81
76,76
62,62
39,39
72,73
95,95
9,9
30,30
86,25
98,46
48,48
11,2
88,88
9,9
88,88
21,21
36,36
55,64
82,82
40,40
47,47
10,28
61,28
92,62
93,93
15,15
54,54
88,88
33,33
35,98
39,39
70,70
15,15
36,36
94,94
70,70
96,59
70,70
92,70
16,9
3,3
86,39
71,33
42,42
99,99
16,16
46,10
28,28
98,98
42,42
17,17
89,89
14,14
57,57
81,81
74,80
4,4
10,25
81,81
40,40
49,49
29,29
87,5
58,58
36,36
65,65
83,83
10,10
34,97
12,12
5,25
17,17
29,29
80,80
80,80
6,6
65,9
9,9
55,30
38,38
88,88
28,28
43,43
57,99
50,50
99,99
20,20
0,0
32,32
90,90
70,70
14,62
31,31
88,88
56,56
23,23
71,71
4,88
11,46
4,4
39,39
66,66
96,23
63,63
13,13
39,39
27,55
31,31
84,84
7,24
37,37
18,18
43,43
96,96
2,2
6,6
59,44
78,99
19,19
39,39
97,97
6,6
39,39
77,51
74,74
52,47
5,25
61,10
21,21
20,20
50,50
65,36
48,48
39,39
14,14
74,74
36,36
12,12
93,93
43,43
51,51
79,79
78,78
6,6
4,50
36,36
32,32
25,20
97,97
94,94
34,34
34,34
59,59
22,22
16,16
70,70
9,9
25,25
77,77
74,74
17,17
28,28
47,47
43,56
13,87
50,42
97,21
49,49
78,78
68,68
99,99
52,96
28,28
80,25
43,43
23,54
23,23
55,87
74,74
87,87
50,64
5,5
51,51
63,63
2,93
57,57
99,99
53,53
85,37
74,4
72,67
75,85
94,87
95,95
40,40
33,33
49,49
64,64
8,12
37,37
0,0
86,87
9,9
51,51
40,40
9,9
39,39
70,70
96,96
44,44
62,62
32,32
61,22
35,35
8,8
2,2
66,66
66,66
46,46
73,73
56,56
20,20
95,95
68,68
52,47
94,94
22,22
9,9
23,23
11,11
55,55
44,27
47,59
20,20
17,17
11,11
73,73
96,96
60,60
28,28
10,10
0,0
10,10
31,3
44,15
29,29
24,24
23,23
52,52
60,60
81,81
57,57
52,52
87,87
27,18
22,22
83,83
22,22
40,40
56,56
1,1
45,54
29,29
60,60
65,65
7,7
88,88
48,48
8,8
29,45
18,18
71,71
80,64
55,55
80,80
73,73
27,68
5,5
69,69
46,35
64,64
42,42
90,90
52,52
1,1
39,39
39,39
86,86
75,55
2,2
36,36
13,75
57,16
30,30
74,74
85,85
33,33
6,6
3,3
72,72
54,54
47,47
91,91
71,49
7,7
98,98
69,69
56,56
14,14
50,50
37,37
40,40
97,97
72,72
88,88
10,16
75,75
83,83
74,74
66,66
52,52
52,52
86,86
66,66
24,24
69,69
41,41
13,13
39,39
5,5
61,61
48,48
44,78
23,23
38,38
44,3
64,3
30,30
2,2
54,54
12,12
21,21
56,56
72,72
93,93
46,46
73,73
47,47
89,89
24,24
52,59
75,75
20,20
67,18
92,92
96,47
5,5
63,63
39,39
67,57
45,45
67,67
2,2
79,79
76,76
27,27
81,81
89,89
83,83
60,60
48,48
2,22
2,2
30,30
2,98
21,21
82,82
90,90
94,94
74,50
71,71
75,75
79,79
42,42
75,75
14,14
89,89
50,36
83,83
42,42
67,67
81,81
73,67
52,52
17,17
76,76
5,5
42,88
68,68
13,13
37,37
94,94
92,70
0,0
48,48
15,15
15,15
39,39
40,40
82,60
31,31
94,94
99,74
68,68
52,52
19,38
4,4
54,56
89,89
40,40
27,27
97,97
14,14
93,27
66,66
74,74
26,26
36,64
9,9
66,66
44,44
59,47
33,33
79,79
63,63
97,97
43,43
48,48
78,51
25,25
32,32
18,6
40,40
44,44
80,80
16,16
45,45
45,45
12,12
99,99
18,18
6,6
41,41
46,11
69,69
18,41
44,44
34,34
32,32
30,30
9,69
72,72
85,85
15,15
92,92
5,5
71,71
52,47
56,59
88,88
22,22
64,98
31,31
63,63
14,93
56,56
99,99
72,95
22,22
20,20
67,67
57,57
93,72
29,29
72,65
91,91
64,64
36,36
22,22
49,49
26,26
84,84
47,59
34,34
85,85
9,9
22,22
29,29
39,87
32,46
94,94
93,79
25,25
18,18
53,53
12,12
27,27
10,24
99,78
88,88
16,51
91,1
78,78
7,7
72,55
12,90
97,97
37,37
86,5
87,87
57,83
36,36
35,46
44,18
57,57
27,27
31,31
3,4
26,26
7,7
96,96
39,39
43,3
34,34
89,30
48,48
56,56
18,18
45,45
92,92
97,74
8,8
18,79
66,55
81,81
37,68
51,67
10,28
77,57
97,43
33,33
60,60
43,43
10,10
50,74
31,31
84,87
49,49
78,99
24,24
68,68
98,98
58,58
51,51
93,6
36,36
74,65
78,78
55,55
50,65
25,25
65,50
86,86
35,35
33,33
92,92
37,33
71,71
61,61
5,5
79,79
71,71
20,20
59,59
67,67
28,28
76,76
31,31
50,50
62,62
9,9
4,4
54,54
38,38
11,11
59,52
84,5
63,55
66,72
35,35
52,52
73,73
87,87
62,62
15,15
11,35
59,59
20,20
47,47
96,60
26,97
36,65
35,35
77,7
38,38
24,24
2,2
17,17
36,36
80,80
74,72
41,41
32,32
23,71
76,76
44,72
91,91
21,21
81,81
53,53
55,55
47,96
79,79
19,72
31,29
82,82
64,64
3,74
49,49
35,35
97,97
58,58
43,43
20,20
86,86
22,22
32,32
18,18
53,53
60,60
36,36
83,83
18,18
32,32
66,66
99,99
51,51
35,98
69,69
28,28
11,46
22,22
49,49
21,21
93,93
1,1
55,55
51,51
55,73
51,51
67,67
92,92
76,76
52,47
31,31
82,82
75,75
61,61
55,55
90,90
78,78
34,34
87,87
39,39
85,85
70,70
2,2
14,14
45,45
1,69
95,95
90,90
64,64
55,55
12,12
91,73
47,47
2,35
99,22
79,54
13,81
8,8
84,84
27,77
11,2
71,60
21,21
28,28
8,8
55,72
67,67
75,75
40,40
17,37
4,66
95,95
63,63
51,51
48,48
65,65
6,88
39,39
39,25
42,97
49,49
14,14
83,0
23,23
78,78
47,47
81,81
41,41
76,76
99,78
97,97
24,55
24,24
76,76
57,57
80,74
16,86
44,44
54,54
92,92
30,73
4,4
2,2
1,1
39,39
98,98
90,90
74,50
81,81
74,74
64,64
42,42
59,59
69,69
67,51
66,66
10,10
52,52
22,22
11,11
69,69
39,39
15,15
77,77
36,36
23,23
41,41
94,94
45,45
17,17
14,1
62,62
9,9
4,43
37,37
13,81
77,77
69,69
72,55
22,22
75,75
45,24
3,3
8,48
24,24
28,16
4,4
57,57
10,10
2,2
0,0
89,89
7,7
94,94
68,33
66,66
17,17
5,5
90,21
77,77
34,34
77,77
26,44
35,35
52,52
70,92
29,29
94,94
37,37
83,83
40,40
0,0
92,92
96,96
4,4
78,78
80,89
6,6
85,85
59,59
96,96
8,8
70,70
62,62
25,25
22,86
1,2
82,82
93,93
82,82
96,52
70,70
8,8
19,19
67,30
4,36
86,86
19,19
17,33
32,32
38,38
57,57
84,5
10,10
40,40
12,18
33,33
94,94
68,68
8,8
89,89
69,69
95,95
43,43
60,60
11,87
0,0
12,12
90,90
2,2
54,54
45,45
65,65
50,50
3,3
68,68
17,17
35,98
81,81
32,32
9,9
99,99
77,77
84,84
22,22
30,44
23,23
36,32
73,73
80,80
92,92
92,70
31,4
9,9
86,86
91,91
26,26
85,85
30,30
12,12
54,54
39,81
76,76
45,70
67,67
51,51
57,57
19,15
48,48
81,81
55,55
38,38
27,27
54,26
81,81
84,25
0,0
64,64
42,42
77,77
52,52
92,54
82,82
12,12
89,89
53,53
21,21
18,18
92,92
36,36
44,44
35,35
31,31
62,62
41,41
65,80
28,28
20,20
92,92
33,96
21,21
86,9
72,72
18,18
56,56
88,88
76,76
71,71
48,48
12,12
45,88
60,60
99,78
84,84
24,24
37,37
86,86
76,76
84,84
51,51
60,60
97,97
29,29
65,65
88,88
7,8
83,83
59,59
96,96
53,53
32,32
79,79
87,87
33,33
46,46
22,87
38,38
47,52
24,24
3,4
54,46
85,85
65,2
75,75
4,4
80,80
76,17
92,92
84,3
61,61
31,50
66,38
39,39
29,29
35,35
91,91
64,93
7,7
80,80
96,96
89,89
83,83
32,91
1,1
85,85
75,75
9,9
25,25
87,87
59,59
38,38
82,82
27,55
6,6
26,45
34,34
14,14
14,14
46,46
70,70
17,37
84,84
97,97
49,49
69,69
59,59
50,50
86,86
61,22
40,43
66,66
50,74
29,29
49,49
26,26
53,53
73,73
85,85
46,46
81,13
25,84
68,68
71,71
14,14
87,87
37,37
86,86
72,72
28,28
93,93
62,62
72,60
41,41
98,98
51,50
46,46
36,36
20,20
57,57
1,1
96,33
16,86
38,38
59,52
85,85
95,95
23,23
14,14
53,53
50,50
2,2
9,9
42,42
21,21
12,12
73,87
29,29
81,81
63,2
64,32
89,89
97,97
63,63
84,84
84,9
6,6
3,80
9,9
44,27
7,7
39,39
1,1
68,68
83,83
71,71
69,18
84,28
23,23
51,18
40,40
63,63
17,17
31,31
48,48
48,48
2,2
50,99
66,66
98,86
44,44
12,12
14,14
56,56
58,58
70,70
85,85
70,70
94,94
41,41
97,97
5,5
80,80
15,15
62,62
2,2
58,58
56,56
13,89
72,20
97,97
25,20
87,87
19,42
92,92
24,24
34,3
93,55
45,45
78,48
68,68
89,74
31,31
73,67
85,85
50,36
95,95
80,80
96,96
76,76
32,2
77,77
19,19
59,59
84,84
48,48
10,78
32,32
98,98
33,33
69,69
14,14
69,69
36,36
72,72
65,65
94,94
86,86
64,55
16,16
90,90
56,56
4,4
96,47
83,19
71,71
51,51
41,41
65,65
61,61
63,74
96,96
62,62
85,85
74,74
57,57
23,23
20,20
38,38
15,15
25,5
72,77
62,62
37,37
62,62
15,15
47,47
75,75
26,5
28,28
27,27
37,37
58,58
46,26
48,48
52,47
79,79
71,71
7,7
60,60
60,60
38,38
49,49
62,62
0,0
19,19
46,46
90,90
5,25
22,22
34,4
75,75
41,41
65,65
51,51
65,65
46,46
1,1
14,14
17,17
65,65
98,35
45,45
14,14
90,90
35,65
30,30
8,8
21,21
28,28
18,18
65,65
32,32
34,34
48,48
75,75
29,29
92,62
76,76
30,95
93,1
4,65
37,37
82,82
9,9
11,2
54,54
8,8
43,43
67,67
30,73
8,8
40,40
53,53
1,1
93,68
26,26
93,93
6,6
87,87
22,39
91,91
24,24
75,75
34,34
86,86
8,8
8,8
42,42
51,51
94,16
81,81
18,18
85,85
48,48
35,35
20,20
50,50
19,31
55,55
26,26
64,64
78,72
15,15
72,72
93,93
65,65
95,30
87,87
72,72
35,98
27,27
36,36
97,43
73,73
35,35
12,71
24,24
70,62
4,4
26,26
71,71
34,34
67,67
20,5
85,85
74,74
99,99
92,62
99,51
21,21
50,50
36,36
82,82
95,95
71,71
61,61
23,23
15,15
77,77
40,40
74,74
25,25
19,19
67,67
6,6
61,22
68,68
46,98
5,5
10,10
11,2
41,41
55,55
96,47
57,57
30,30
96,96
88,88
92,92
72,30
51,51
19,19
40,10
2,1
76,76
54,54
22,22
68,68
70,70
0,0
5,5
42,42
11,46
61,13
88,88
67,67
77,14
34,34
29,11
97,97
13,13
29,29
8,8
15,14
70,61
29,29
19,3
40,40
47,52
8,8
50,50
26,26
89,13
58,58
86,86
85,85
61,61
96,96
75,75
80,38
95,95
17,17
93,11
80,72
3,4
53,53
23,23
55,55
27,42
40,20
9,9
42,42
50,50
92,92
87,86
43,43
42,42
79,79
52,52
9,9
32,72
42,42
57,57
56,56
99,99
57,67
81,81
9,9
70,33
51,51
50,36
42,42
10,10
70,68
40,40
40,40
63,4
50,65
19,19
62,62
28,28
94,94
52,52
86,86
98,35
13,13
70,70
9,9
19,44
15,72
68,68
66,66
24,24
63,63
56,56
60,60
12,12
53,83
36,36
98,46
20,20
92,62
24,24
16,16
26,26
12,12
33,96
45,45
71,23
61,22
30,30
45,57
75,75
94,94
29,29
48,48
97,97
95,67
12,12
80,38
63,63
85,85
33,33
23,23
32,36
46,98
70,70
51,51
8,8
29,15
56,56
11,11
60,60
48,48
21,21
21,21
60,60
56,56
63,63
42,42
33,33
79,79
17,17
20,20
16,16
7,7
91,91
34,43
14,14
92,92
6,6
89,89
13,13
85,85
96,96
27,27
81,81
63,63
59,59
10,61
78,78
18,91
53,53
17,17
27,27
43,43
61,61
54,54
25,25
79,79
68,68
31,31
69,69
64,64
83,83
41,41
23,49
35,46
96,96
20,20
87,87
90,90
52,52
26,26
83,83
67,67
20,20
20,20
7,7
83,83
27,27
45,45
68,68
93,93
86,86
12,12
60,60
73,55
99,99
1,1
92,70
80,80
26,26
58,58
88,88
97,97
88,88
19,19
34,3
23,23
19,19
13,48
44,91
48,48
58,58
16,16
63,64
80,19
55,55
4,4
32,1
46,15
98,98
32,32
45,14
87,87
97,38
12,12
8,8
45,45
92,92
31,31
62,62
61,61
89,89
62,92
78,78
83,83
45,29
85,85
28,28
37,37
54,54
30,30
95,95
7,7
59,59
24,24
94,94
7,7
94,94
94,94
11,11
42,42
65,65
47,52
40,40
38,38
4,4
80,80
82,82
46,46
75,75
51,93
74,74
34,34
5,5
85,85
30,30
74,74
22,22
95,95
81,81
92,92
91,91
52,52
51,51
44,44
62,62
65,65
76,69
84,84
0,0
43,43
48,48
67,67
62,62
89,89
83,70
18,67
31,13
19,19
8,8
68,68
97,3
3,3
83,53
70,70
39,39
0,0
86,40
77,51
58,58
19,27
89,25
90,90
81,81
61,61
41,41
80,77
52,52
66,66
68,68
80,80
43,4
11,98
25,25
27,74
35,35
50,50
88,88
14,7
75,75
53,53
3,3
5,5
35,98
82,82
7,7
90,90
61,61
7,7
91,91
1,36
5,5
17,17
72,72
41,41
94,94
33,33
67,67
33,8
39,39
23,23
6,84
31,31
63,63
71,71
67,67
93,45
84,84
46,46
74,74
33,33
77,77
65,65
50,50
98,15
51,51
72,57
36,36
3,3
41,41
47,47
54,54
87,87
37,37
75,75
74,21
71,71
14,14
57,83
9,9
44,44
57,57
83,83
45,45
61,22
52,85
63,63
89,89
10,22
85,85
39,39
7,7
25,25
98,98
74,24
70,70
70,54
49,49
70,70
87,87
90,89
15,80
65,80
97,97
36,36
83,45
82,82
51,96
32,46
7,7
74,74
80,97
2,2
28,9
78,91
40,40
36,36
91,91
91,91
99,99
73,73
24,76
83,83
42,42
92,62
90,90
50,50
82,82
24,24
65,38
16,16
40,86
39,39
7,7
31,3
10,10
51,65
96,96
51,77
29,29
66,66
83,83
30,30
84,84
29,27
5,5
10,26
53,53
74,74
72,72
34,15
15,15
44,78
25,5
66,66
10,77
55,55
48,48
95,95
63,63
64,38
77,77
3,3
13,13
18,18
92,92
55,55
13,13
30,73
29,29
91,1
91,91
61,61
75,75
58,58
60,71
70,54
46,98
52,52
94,94
89,89
90,90
56,56
57,57
43,43
60,60
45,87
30,30
59,96
78,78
6,6
80,65
80,80
54,54
83,99
60,60
76,76
92,54
18,18
14,14
26,26
9,9
81,81
85,85
32,32
63,63
43,43
56,56
87,87
78,44
45,54
99,99
70,70
8,8
12,90
65,65
80,80
58,41
17,17
39,39
53,53
66,66
48,48
25,5
88,97
32,12
97,67
87,98
37,38
40,40
91,91
16,16
27,27
33,33
86,16
89,89
5,5
76,76
83,83
74,74
85,17
24,24
93,72
32,32
76,76
45,45
5,5
52,52
46,46
72,30
40,40
58,58
84,84
6,6
91,91
38,38
35,35
66,66
25,41
79,79
57,53
23,23
14,14
15,21
86,86
75,75
45,45
6,6
22,22
33,33
76,76
52,52
41,81
90,90
22,22
34,34
45,33
66,66
7,7
95,30
11,11
1,1
23,23
3,3
22,22
5,5
80,80
93,93
27,27
86,39
69,79
92,92
53,53
54,54
63,63
18,18
84,84
66,66
8,8
59,96
8,8
42,88
62,62
29,29
30,30
73,73
2,2
96,76
39,39
4,4
22,61
45,45
83,83
58,58
73,73
18,18
84,84
4,4
5,5
2,57
18,18
23,23
29,29
85,85
34,34
42,64
16,16
86,16
65,76
95,95
45,45
97,61
0,0
20,28
46,32
44,31
86,86
92,62
29,44
85,85
82,82
91,91
82,82
17,17
38,23
58,58
12,12
26,26
54,54
28,28
58,58
79,79
1,1
4,33
95,44
10,22
3,3
33,33
23,23
91,91
73,73
1,1
1,1
35,35
10,1
19,19
88,88
11,11
29,29
56,56
0,0
54,54
61,61
20,20
13,13
17,17
53,53
89,89
18,18
81,13
6,6
96,96
41,41
26,26
26,79
25,25
60,60
22,22
73,46
4,74
47,47
24,24
18,79
78,78
17,17
7,7
0,0
87,87
26,26
95,73
14,14
56,56
18,18
12,12
54,54
21,80
79,79
8,8
43,43
39,39
24,61
40,40
53,53
35,98
21,72
31,31
8,8
57,57
33,33
82,45
35,35
6,6
5,94
40,94
65,10
22,22
16,16
64,64
57,57
98,98
64,38
88,42
55,72
58,58
27,27
36,36
13,13
91,91
84,84
9,9
5,5
9,9
65,65
85,85
70,70
59,96
93,10
2,11
59,59
79,79
70,70
34,34
97,97
86,86
49,49
18,44
55,55
70,70
73,27
38,38
34,34
61,61
69,69
37,37
64,64
24,24
3,3
78,78
74,72
33,17
35,35
1,1
84,84
22,22
86,86
4,55
91,91
13,13
90,90
68,68
60,60
84,84
0,0
34,38
18,12
32,67
92,92
14,14
96,49
35,35
86,87
3,3
89,89
79,44
15,15
66,66
35,35
50,50
12,12
41,41
31,31
34,34
93,93
84,84
26,26
74,74
78,80
50,50
57,57
54,54
2,11
95,30
44,44
66,66
60,60
26,8
58,58
82,82
67,67
98,98
89,89
28,28
55,55
95,95
76,76
60,60
76,76
91,91
37,37
2,2
3,3
62,62
43,43
91,91
48,48
63,63
34,34
56,42
34,34
53,53
3,3
28,28
8,8
40,40
44,45
33,47
61,61
60,60
73,73
61,61
26,26
59,59
4,63
49,49
92,92
92,92
6,45
72,72
86,94
18,18
20,20
55,72
0,0
85,85
75,65
18,18
23,23
74,55
95,95
81,81
58,58
73,73
60,60
21,21
14,62
19,15
87,46
47,47
79,79
90,90
75,75
73,30
15,15
41,41
39,39
99,99
11,81
94,94
45,45
91,91
36,36
77,77
3,3
75,75
92,92
94,94
61,61
50,50
38,38
12,12
1,1
0,0
30,30
84,84
98,98
29,29
7,7
18,18
48,48
89,81
91,91
84,84
63,4
62,62
31,31
40,40
55,72
30,30
61,61
86,86
47,96
33,96
11,4
25,25
14,14
28,28
75,75
11,2
81,81
61,10
73,54
79,79
5,5
88,88
56,56
81,81
31,31
84,84
69,69
30,30
6,6
68,68
70,70
12,12
74,74
7,7
21,3
55,23
71,68
5,5
14,14
48,48
18,18
0,0
70,70
38,38
26,72
24,24
69,69
16,16
9,9
42,42
41,41
39,39
27,27
0,0
70,70
85,85
9,9
43,43
79,79
77,77
75,75
74,74
80,80
42,42
67,86
8,8
0,0
36,36
89,89
43,43
46,46
69,69
56,56
42,63
10,22
71,71
98,98
55,72
40,40
16,16
0,0
21,21
2,2
1,1
64,4
52,47
43,43
83,83
65,32
68,68
18,18
1,1
25,25
96,96
46,98
47,96
90,90
2,2
28,28
37,49
61,61
31,31
77,9
4,33
92,92
38,38
93,93
28,28
39,39
18,6
41,41
44,32
49,49
1,92
11,11
19,19
91,91
82,82
4,4
60,60
34,34
56,56
19,19
32,32
74,74
87,76
99,99
72,73
98,98
8,8
58,58
93,93
87,87
87,2
24,7
35,35
43,43
52,52
6,6
4,72
33,27
8,8
63,66
26,26
34,34
39,39
97,97
47,63
75,75
33,33
87,87
49,49
46,98
16,16
33,33
76,76
41,41
97,97
8,8
75,75
17,17
80,55
93,93
27,59
4,63
41,41
49,60
30,30
31,65
21,21
77,77
90,81
54,54
87,87
86,86
37,37
47,47
66,66
2,2
73,73
55,55
25,25
62,62
26,26
19,65
28,28
15,15
14,1
59,59
69,69
45,45
92,92
39,39
42,42
58,58
49,49
48,48
44,44
71,71
48,48
69,69
9,40
77,15
25,16
35,46
23,71
66,66
66,66
88,84
82,82
1,1
39,39
88,88
93,93
82,82
7,7
17,17
56,56
40,40
70,70
1,1
68,68
59,52
69,69
45,45
16,16
6,6
85,85
12,12
99,99
88,88
40,40
68,68
36,36
23,23
17,17
13,87
20,25
46,46
75,75
61,61
70,70
58,58
42,33
51,51
75,75
73,73
70,70
37,37
28,28
90,90
95,55
88,88
68,68
38,38
95,93
77,77
16,16
58,58
99,61
39,39
56,56
17,17
33,33
77,77
63,50
87,87
75,75
4,64
16,16
94,94
55,55
76,76
60,60
97,97
1,1
0,0
75,75
31,31
55,55
71,71
75,75
52,52
6,6
43,43
14,14
84,84
14,18
51,88
1,1
88,88
53,53
66,66
5,5
56,56
32,32
52,52
40,40
24,24
86,86
54,54
54,54
88,88
61,61
87,87
54,54
24,24
10,10
85,85
17,17
90,12
22,22
86,86
77,77
79,79
94,94
45,78
0,0
39,39
89,89
82,82
41,41
87,87
91,91
73,73
4,4
62,62
72,3
98,98
10,10
11,98
28,28
38,38
74,72
70,70
13,13
7,7
15,15
24,24
76,76
98,98
67,73
79,79
15,15
47,47
47,47
93,93
73,73
13,81
26,26
70,70
95,95
60,60
70,70
11,11
82,82
66,66
34,34
6,6
65,65
62,62
74,74
46,31
36,36
88,42
96,96
48,48
79,79
50,51
19,29
83,57
66,66
68,68
97,63
64,64
16,16
61,63
16,16
84,40
18,18
29,29
63,74
57,57
9,9
38,38
43,43
74,45
15,15
1,1
67,67
91,67
1,1
84,84
69,69
13,81
10,10
33,33
80,80
68,68
30,30
8,8
3,3
13,81
45,45
18,18
20,48
35,35
28,28
93,74
5,5
53,53
34,34
27,27
93,93
18,6
44,44
93,93
37,37
77,77
46,11
31,31
69,69
47,47
57,86
30,95
85,85
80,80
1,1
82,82
45,45
66,66
18,77
58,58
31,31
42,42
23,23
90,90
18,6
83,83
19,31
51,51
80,38
23,23
64,64
61,61
40,22
51,51
99,99
28,28
19,19
63,63
7,7
97,97
78,78
34,34
84,71
13,13
50,50
17,17
28,28
29,29
10,10
57,57
83,83
83,83
53,53
73,73
7,7
59,59
82,82
34,34
15,15
68,68
68,68
34,34
82,82
75,75
37,37
8,8
94,94
16,16
24,24
21,21
8,8
96,96
53,53
49,49
38,63
85,86
27,27
32,32
96,96
20,20
29,29
43,43
69,69
94,94
26,26
92,82
23,23
91,91
34,34
48,48
71,71
53,53
25,5
0,0
59,59
57,10
69,69
73,73
27,50
12,12
42,42
61,61
21,21
72,67
88,88
28,28
15,15
24,24
1,1
77,77
67,67
82,82
5,5
64,64
51,51
52,59
79,79
70,92
46,46
1,1
59,59
87,87
68,60
88,88
76,76
45,45
15,15
79,14
1,1
35,35
94,94
79,79
16,25
49,71
26,26
72,30
60,60
73,73
9,9
75,75
5,5
72,27
27,27
67,23
38,38
18,33
45,44
36,36
40,94
96,47
35,35
7,27
85,85
30,30
14,92
51,51
79,79
76,13
99,99
86,86
15,15
29,29
63,75
66,66
62,62
80,80
24,24
57,57
43,43
78,78
33,49
99,99
95,95
93,93
72,74
71,71
77,77
86,86
64,64
4,26
23,92
62,62
50,50
17,17
98,16
21,21
32,32
57,57
99,61
2,2
6,6
70,92
82,82
82,82
94,94
95,95
81,81
96,96
77,93
33,33
67,67
31,31
60,60
7,20
74,27
63,63
62,62
82,82
36,36
12,12
31,31
47,47
75,75
77,77
29,29
94,94
27,96
70,9
95,95
32,32
38,38
67,67
37,37
2,25
65,65
40,40
53,53
87,87
95,95
53,53
42,42
43,43
89,89
69,69
93,93
81,81
84,40
71,71
31,31
33,33
73,73
75,75
85,85
47,47
97,97
54,70
13,81
24,80
46,46
62,62
92,92
53,53
98,35
66,66
45,45
48,48
94,94
16,10
69,69
60,60
27,97
35,98
59,59
47,52
44,79
57,57
4,4
83,83
89,89
71,71
58,68
52,52
46,32
58,12
98,98
22,22
62,62
47,52
2,2
58,58
77,77
96,96
86,86
33,96
13,58
69,69
97,97
14,14
51,51
2,2
4,4
29,10
58,58
44,42
6,6
80,80
81,81
99,99
28,28
50,50
57,57
88,88
25,25
38,38
71,73
47,47
53,53
48,48
79,79
59,59
29,29
82,82
90,90
26,93
81,81
17,17
14,14
69,69
25,25
32,32
39,39
14,1
89,89
3,4
67,67
78,99
28,28
98,98
88,88
20,20
3,4
18,18
60,60
48,48
69,69
18,50
41,41
6,6
39,39
44,87
15,15
37,37
57,54
48,48
98,31
89,89
67,67
77,77
38,38
71,71
21,21
96,96
11,11
13,25
84,84
73,30
58,13
73,30
35,98
31,31
83,83
59,59
77,77
50,50
41,41
89,8
19,19
54,54
4,4
68,68
9,9
91,91
67,67
19,38
40,40
71,71
57,51
38,38
9,9
82,82
3,3
76,76
20,20
60,71
42,42
94,94
26,23
72,72
6,6
25,25
61,61
36,36
4,4
14,86
61,2
60,60
14,77
62,62
27,71
66,75
16,16
67,67
93,93
23,23
33,33
88,88
18,18
58,58
0,0
83,25
23,23
85,85
56,56
20,20
45,7
20,20
30,30
96,52
19,19
15,4
98,98
51,72
26,26
0,0
56,56
47,47
57,83
59,52
10,0
51,40
65,21
3,3
23,23
9,9
77,77
43,43
15,15
55,72
77,77
19,19
73,73
77,77
7,7
29,69
4,4
61,61
64,64
30,30
39,39
70,70
19,19
51,43
9,9
17,17
28,28
45,45
28,28
12,17
83,84
49,46
63,63
71,71
12,12
11,35
77,77
35,35
29,68
40,40
15,15
84,84
19,19
66,3
70,70
62,62
34,34
94,94
72,30
35,34
50,5
99,99
33,33
90,90
16,16
56,59
4,4
24,24
60,71
3,3
19,19
14,14
23,23
68,68
91,10
81,81
61,10
90,90
21,21
57,0
22,22
87,87
82,82
12,12
38,38
10,10
93,93
77,14
84,84
41,41
64,64
76,76
25,25
91,91
94,94
42,42
79,79
19,19
76,76
87,87
18,14
51,51
1,1
50,50
37,87
6,6
45,45
23,23
0,0
55,55
91,91
89,89
95,95
48,48
45,45
54,54
69,69
82,78
68,68
56,56
94,65
80,80
40,69
67,67
71,71
5,25
50,50
60,60
79,79
0,0
44,44
55,55
46,98
80,55
2,2
32,32
92,92
45,45
69,76
97,97
13,13
30,30
27,27
74,74
8,8
17,17
42,42
91,91
11,35
36,36
69,69
50,50
57,0
84,84
90,49
85,85
3,21
91,91
79,79
76,76
13,13
8,8
92,92
69,69
82,82
7,7
73,73
89,89
32,64
42,42
39,39
26,45
80,80
74,63
15,15
74,74
16,16
57,62
94,94
60,71
33,91
83,83
62,62
85,85
48,48
33,33
11,11
5,5
2,35
18,65
75,75
75,75
4,4
3,31
72,72
17,17
89,85
70,77
19,19
36,36
77,22
67,67
83,83
63,63
2,2
92,92
17,37
98,46
99,99
77,77
56,56
22,10
84,84
14,14
71,71
94,94
44,44
73,85
41,41
96,52
91,91
85,85
43,43
82,82
40,69
97,30
42,42
96,67
47,47
22,22
1,1
46,45
78,78
72,72
93,93
85,85
18,18
63,63
65,65
25,25
44,99
2,2
86,86
45,44
59,59
2,2
54,54
11,35
56,56
75,75
47,47
76,76
20,20
48,48
97,97
9,9
45,1
38,38
84,84
3,3
36,36
43,43
84,84
18,18
6,6
9,9
72,72
38,38
6,6
75,75
15,15
29,29
35,11
25,20
95,95
3,21
58,76
74,74
44,44
83,83
91,91
74,74
86,86
25,28
38,44
58,58
36,36
90,90
8,8
49,76
65,65
95,40
92,14
14,14
81,37
0,0
58,58
96,96
1,1
61,61
59,59
21,21
60,60
89,89
82,82
10,99
80,80
52,52
65,65
55,55
32,32
77,77
69,69
26,26
42,42
79,79
46,11
20,20
38,38
52,47
15,15
7,7
65,65
63,63
96,52
26,26
29,29
3,31
79,79
39,39
30,30
99,99
2,5
8,8
19,34
52,52
69,69
58,58
54,54
82,82
3,3
82,43
93,93
70,70
99,99
21,21
17,17
56,56
64,64
74,74
1,1
62,92
61,61
85,85
78,78
58,58
28,10
53,53
74,50
47,47
5,5
34,34
81,81
64,27
77,77
30,30
66,66
4,63
45,44
30,30
98,46
44,27
95,45
87,87
63,63
87,87
26,26
41,41
70,70
22,34
21,21
32,32
90,90
36,36
85,85
74,36
87,87
21,21
87,87
71,71
53,53
27,27
63,74
1,1
8,8
93,93
98,22
61,61
88,88
37,15
10,10
83,83
91,97
85,85
34,80
24,24
50,67
49,49
12,12
28,28
74,74
44,78
58,58
45,45
87,87
79,79
32,63
14,14
47,47
31,31
77,77
59,59
60,60
71,71
25,25
67,73
81,81
98,98
54,54
67,67
17,17
21,21
1,1
88,88
21,21
77,77
95,95
91,91
12,12
15,15
82,82
22,22
16,16
66,66
25,5
1,1
29,34
29,29
73,73
27,27
81,81
63,63
53,53
23,23
13,81
86,86
44,33
71,71
28,28
75,75
98,35
64,45
79,79
16,16
8,8
77,77
22,22
81,81
87,87
10,10
65,65
62,62
49,49
70,70
57,57
74,74
64,63
40,40
91,91
23,23
13,13
80,66
6,6
42,42
46,21
30,30
95,95
35,35
5,84
41,41
36,36
59,52
12,12
43,43
86,86
97,97
53,53
50,50
80,97
3,3
61,61
20,20
22,22
57,57
25,25
71,71
55,72
68,68
20,20
33,49
67,67
87,87
16,16
41,41
66,75
44,50
25,10
63,63
1,70
15,15
42,42
6,6
85,85
8,8
2,2
5,25
45,45
5,5
71,23
56,56
99,99
73,23
78,18
2,2
76,76
50,50
30,30
53,53
91,91
81,81
65,65
92,92
23,23
11,46
95,72
40,40
30,24
62,62
35,11
23,23
78,78
96,96
67,67
36,36
8,8
15,15
4,4
80,80
27,42
60,60
7,7
54,54
48,48
16,16
57,57
94,94
30,30
92,54
43,43
62,62
58,58
19,19
23,23
38,38
28,40
96,33
95,95
10,10
99,99
86,86
53,53
89,89
11,11
52,52
58,58
54,54
85,85
74,74
72,72
82,82
72,72
73,30
43,43
37,31
34,34
47,47
52,52
40,40
53,53
45,45
8,8
83,83
3,3
90,90
40,40
28,28
53,53
32,27
59,59
4,4
33,33
62,92
89,89
44,44
12,44
4,55
89,89
98,35
78,78
82,82
91,91
31,31
91,91
47,47
9,9
73,73
69,69
36,36
57,93
91,73
95,95
37,37
61,61
83,83
69,69
11,46
80,55
76,76
31,79
10,10
90,90
98,98
94,94
24,24
39,39
1,1
33,33
29,90
29,64
7,7
39,39
15,15
99,27
3,3
41,41
66,66
80,80
27,27
45,45
55,4
32,32
5,5
45,33
9,9
72,44
33,33
38,15
40,40
24,24
59,19
65,65
46,11
38,38
23,23
39,39
25,25
97,97
66,58
46,25
52,47
29,44
56,56
98,98
82,82
41,41
38,40
51,51
79,85
19,88
18,18
95,73
64,64
78,2
96,96
49,49
64,64
40,40
36,36
97,97
40,40
45,45
49,49
62,62
10,10
56,56
4,4
77,77
81,81
91,91
5,5
87,87
3,3
50,50
80,55
86,86
89,89
17,17
12,12
80,80
72,64
79,6
67,32
40,40
13,13
98,98
37,59
21,21
76,76
32,14
59,59
49,49
30,30
60,49
80,15
51,51
66,66
87,87
38,38
63,63
53,53
4,21
48,48
24,24
13,13
31,31
29,95
84,84
46,46
61,61
24,24
34,34
98,98
45,10
99,99
27,27
51,51
91,91
0,0
72,72
50,50
57,57
4,63
60,60
81,90
86,86
9,9
11,46
92,1
99,99
77,77
57,57
14,62
2,2
70,70
69,69
69,69
32,91
79,79
44,93
58,58
0,0
20,20
7,6
45,85
82,82
79,79
58,58
73,73
58,58
75,3
85,85
55,65
70,70
29,29
97,97
11,46
53,53
37,37
73,95
28,28
86,86
50,78
24,24
31,31
95,95
1,1
2,2
36,36
59,59
99,99
55,55
85,85
0,0
23,23
64,64
82,82
62,62
31,31
86,86
57,57
72,72
73,73
42,42
91,29
84,84
85,85
90,90
69,69
82,82
21,21
89,89
68,68
68,68
76,76
31,31
58,58
8,8
37,37
13,13
30,30
78,78
43,45
33,59
99,99
42,42
12,12
92,92
8,8
82,82
78,78
97,97
62,70
74,50
4,4
69,90
29,29
97,38
74,67
56,56
18,18
74,6
3,63
95,95
54,54
53,53
45,45
16,16
73,73
29,29
33,33
6,6
86,86
19,19
97,97
4,4
9,9
53,57
89,89
18,18
87,25
26,10
49,49
11,11
14,14
65,80
83,70
3,3
27,27
30,30
52,52
74,74
29,29
96,59
90,90
14,14
77,77
65,65
7,7
75,75
27,27
16,16
30,30
50,64
83,0
14,14
51,51
42,42
70,70
